region,comuna,administra,psu,nem
Biobío,Laja,Particular Pagado,690.3846,6.3207
Maule	Constitución	Particular Pagado	676.8750	6.4007
Biobío	Arauco	Particular Pagado	659.8636	5.9857
Araucanía	Angol	Particular Pagado	655.6897	6.2208
Coquimbo	Ovalle	Particular Pagado	645.1818	6.0128
Metropolitana	Lo Barnechea	Particular Pagado	640.9856	6.1418
Los Ríos	La Unión	Particular Pagado	640.7656	5.9874
Valparaíso	Con Cón	Particular Pagado	636.4071	6.1536
Los Lagos	Puerto Montt	Particular Pagado	635.2449	5.9793
Atacama	Vallenar	Particular Pagado	634.8939	6.2203
Los Lagos	Puerto Varas	Particular Pagado	632.4792	5.9524
Biobío	Talcahuano	Particular Pagado	631.7403	5.9930
Metropolitana	Vitacura	Particular Pagado	631.4710	5.9928
Los Lagos	Osorno	Particular Pagado	625.2941	5.8612
O'Higgins	San Fernando	Particular Pagado	625.2405	6.0816
Biobío	Chiguayante	Particular Pagado	624.9171	5.9030
Maule	Linares	Particular Pagado	624.6053	5.9813
Metropolitana	Colina	Particular Pagado	624.2152	6.1125
Los Ríos	Valdivia	Particular Pagado	620.3910	5.9437
Valparaíso	Panquehue	Particular Pagado	620.3750	6.1177
Metropolitana	Buin	Particular Pagado	620.1853	5.9933
Atacama	Copiapó	Particular Pagado	619.9436	6.0207
Valparaíso	Los Andes	Particular Pagado	617.3824	5.9349
Metropolitana	La Reina	Particular Pagado	616.6171	5.9958
Valparaíso	San Felipe	Particular Pagado	616.0648	6.2123
O'Higgins	Rancagua	Particular Pagado	615.8886	5.9493
Metropolitana	Las Condes	Particular Pagado	615.3176	5.9701
Maule	Talca	Particular Pagado	615.2701	6.1918
Metropolitana	Pudahuel	Particular Pagado	614.8385	5.8145
Metropolitana	Recoleta	Particular Pagado	612.8846	5.6706
Metropolitana	Paine	Particular Pagado	612.1471	5.9151
Metropolitana	Estacion Central	Particular Pagado	611.1471	5.8083
Biobío	San Pedro De La Paz	Particular Pagado	610.4657	5.8774
O'Higgins	Santa Cruz	Particular Pagado	608.7813	6.0197
Biobío	Los Angeles	Particular Pagado	608.1986	5.8224
Metropolitana	Calera De Tango	Particular Pagado	607.6865	5.9503
Metropolitana	Peñalolén	Particular Pagado	606.6215	5.9479
Metropolitana	Quilicura	Particular Pagado	605.9783	5.7632
Araucanía	Temuco	Particular Pagado	604.3092	5.8783
O'Higgins	Machalí	Particular Pagado	602.9783	5.8510
Biobío	Chillán	Particular Pagado	601.0000	5.9904
Metropolitana	Independencia	Particular Pagado	600.3661	5.6517
Metropolitana	Huechuraba	Particular Pagado	599.0968	5.8875
Maule	Curicó	Particular Pagado	598.9858	5.9188
Metropolitana	Macul	Particular Pagado	593.3817	5.7141
Metropolitana	Talagante	Particular Pagado	592.5875	6.0207
Metropolitana	Providencia	Municipal	591.7494	5.7769
Valparaíso	Viña Del Mar	Particular Pagado	591.4065	5.9201
Metropolitana	Melipilla	Particular Pagado	591.2897	5.9039
Metropolitana	Ñuñoa	Particular Pagado	591.0543	5.8283
Metropolitana	San Miguel	Particular Pagado	590.6871	5.7300
Coquimbo	La Serena	Particular Pagado	590.3361	5.8691
Valparaíso	Calle Larga	Particular Pagado	588.3158	6.0400
Biobío	Coelemu	Particular Subvencionado	587.5500	6.1963
Metropolitana	Maipú	Particular Pagado	587.5259	5.8747
Valparaíso	Villa Alemana	Particular Pagado	587.3659	5.9012
Metropolitana	La Florida	Particular Pagado	584.0641	5.7938
Metropolitana	Puente Alto	Particular Pagado	582.6394	5.8335
Los Lagos	Frutillar	Particular Pagado	580.8182	5.9825
Valparaíso	Santo Domingo	Particular Pagado	580.7500	6.1033
Tarapacá	Iquique	Particular Pagado	580.5619	5.9872
Metropolitana	Vitacura	Municipal	578.1500	5.5952
Biobío	Yungay	Particular Subvencionado	576.2273	6.0376
Arica y Parinacota	Arica	Particular Pagado	575.7516	5.9708
Metropolitana	Curacaví	Particular Pagado	575.5000	5.7667
Valparaíso	Casablanca	Particular Pagado	575.2500	5.6250
Valparaíso	Valparaiso	Particular Pagado	574.3448	5.8252
O'Higgins	Doñihue	Particular Subvencionado	573.5750	5.8580
O'Higgins	Santa Cruz	Particular Subvencionado	573.3367	5.8368
Metropolitana	San Bernardo	Particular Pagado	572.9631	5.7010
Araucanía	Villarrica	Particular Pagado	571.8917	5.8009
Metropolitana	Las Condes	Particular Subvencionado	571.3410	5.5888
Metropolitana	Providencia	Particular Pagado	570.1070	5.7260
Metropolitana	La Cisterna	Particular Pagado	568.2763	5.7386
Magallanes	Punta Arenas	Particular Pagado	566.9572	5.9076
Biobío	Concepción	Particular Pagado	564.3919	5.7588
Valparaíso	Quillota	Particular Pagado	563.5455	5.7997
Metropolitana	Vitacura	Particular Subvencionado	562.2419	5.7781
Antofagasta	Antofagasta	Particular Pagado	560.5696	5.7244
Maule	Constitución	Particular Subvencionado	560.4780	5.8201
Metropolitana	Ñuñoa	Municipal	559.8002	5.5025
Metropolitana	Santiago	Municipal	558.3767	5.6986
O'Higgins	San Vicente	Particular Subvencionado	557.6761	5.7076
Metropolitana	Santiago	Particular Pagado	557.1791	5.6368
O'Higgins	Las Cabras	Particular Subvencionado	553.1000	5.7442
Metropolitana	Peñaflor	Particular Pagado	552.2105	5.9015
Valparaíso	Calera	Particular Pagado	552.0079	6.1703
Antofagasta	Calama	Particular Pagado	550.8152	5.7458
O'Higgins	Rengo	Particular Subvencionado	550.2121	5.7809
Maule	Parral	Particular Subvencionado	546.6154	5.7562
Valparaíso	Cabildo	Particular Subvencionado	544.2593	5.7269
O'Higgins	Requinoa	Particular Subvencionado	543.2194	5.6382
Metropolitana	La Reina	Particular Subvencionado	542.4306	5.6086
Atacama	Vallenar	Particular Subvencionado	541.3473	5.7970
O'Higgins	Pichilemu	Particular Subvencionado	541.1429	6.0110
O'Higgins	Nancagua	Particular Subvencionado	540.8163	5.7098
Los Lagos	Puerto Varas	Particular Subvencionado	539.1873	5.6071
Valparaíso	Con Cón	Particular Subvencionado	537.3333	5.7582
Metropolitana	Pirque	Particular Pagado	535.3372	5.7917
Biobío	Penco	Particular Subvencionado	534.2431	5.7330
Biobío	San Carlos	Particular Subvencionado	534.2347	5.7895
Los Ríos	Mariquina	Particular Subvencionado	532.4200	5.5803
Los Lagos	Frutillar	Particular Subvencionado	531.3108	5.7763
O'Higgins	San Fernando	Particular Subvencionado	531.3047	5.6479
Biobío	Talcahuano	Particular Subvencionado	529.3192	5.6464
O'Higgins	Machalí	Particular Subvencionado	529.3016	5.7098
Biobío	San Pedro De La Paz	Particular Subvencionado	529.2471	5.6571
Valparaíso	Zapallar	Particular Subvencionado	529.1154	5.8726
Metropolitana	Lo Barnechea	Particular Subvencionado	528.1901	5.4691
Valparaíso	Villa Alemana	Particular Subvencionado	527.3179	5.6190
Metropolitana	Providencia	Particular Subvencionado	527.1363	5.5970
Biobío	Lota	Particular Subvencionado	526.0568	5.8164
Biobío	Hualpén	Particular Subvencionado	525.5431	5.6577
Biobío	San Nicolás	Municipal	525.0923	5.8548
Biobío	Chillán Viejo	Particular Subvencionado	523.9649	5.7695
Valparaíso	Quilpué	Particular Pagado	523.4430	5.6514
Antofagasta	Calama	Particular Subvencionado	523.3289	5.6243
Los Lagos	Ancud	Municipal	522.9785	5.7662
Coquimbo	La Serena	Particular Subvencionado	522.8512	5.6036
Maule	Linares	Particular Subvencionado	522.0801	5.6500
Biobío	Arauco	Particular Subvencionado	520.7687	5.7003
Antofagasta	Antofagasta	Particular Subvencionado	520.5210	5.6082
Maule	San Javier	Particular Subvencionado	520.3007	5.6845
Biobío	Chiguayante	Particular Subvencionado	519.9869	5.5367
Valparaíso	La Ligua	Particular Subvencionado	519.9839	5.7308
Atacama	Copiapó	Particular Subvencionado	519.5756	5.5212
Araucanía	Angol	Particular Subvencionado	519.2229	5.6805
Metropolitana	Macul	Particular Subvencionado	519.1272	5.5479
Magallanes	Punta Arenas	Particular Subvencionado	517.9686	5.7142
Maule	Curicó	Particular Subvencionado	517.6272	5.7260
Metropolitana	Las Condes	Municipal	517.2666	5.5975
Biobío	Concepción	Particular Subvencionado	517.1013	5.6254
Los Lagos	Palena	Municipal	517.0000	6.0063
Coquimbo	Ovalle	Particular Subvencionado	516.9065	5.6408
Valparaíso	Isla De Pascua	Particular Subvencionado	516.8942	5.8427
Valparaíso	Viña Del Mar	Particular Subvencionado	516.3468	5.5722
Metropolitana	La Florida	Particular Subvencionado	515.9966	5.5296
Tarapacá	Iquique	Particular Subvencionado	514.7910	5.6800
Metropolitana	Lo Prado	Particular Subvencionado	514.7123	5.7514
Metropolitana	Recoleta	Particular Subvencionado	514.4925	5.5232
Valparaíso	Calera	Particular Subvencionado	514.4388	5.6911
Biobío	Nacimiento	Particular Subvencionado	514.3473	5.8120
Biobío	Yumbel	Particular Subvencionado	514.1667	5.8067
Los Ríos	Panguipulli	Municipal	513.8382	5.8123
Los Lagos	Castro	Municipal	513.3814	5.8207
Valparaíso	Quillota	Particular Subvencionado	513.1362	5.5440
Valparaíso	Quilpué	Particular Subvencionado	512.8758	5.5875
Metropolitana	Maipú	Particular Subvencionado	512.8425	5.5458
Araucanía	Temuco	Particular Subvencionado	512.6652	5.5109
Valparaíso	Santo Domingo	Particular Subvencionado	511.3228	5.6113
Biobío	Chillán	Particular Subvencionado	510.2069	5.6967
Coquimbo	Illapel	Particular Subvencionado	509.8619	5.7019
Araucanía	Villarrica	Particular Subvencionado	509.7976	5.6431
Los Ríos	Valdivia	Particular Subvencionado	509.7368	5.5894
Los Ríos	La Unión	Municipal	509.4884	5.6266
Los Lagos	Purranque	Particular Subvencionado	508.4826	5.5549
Antofagasta	Tocopilla	Particular Subvencionado	508.2766	5.6530
Coquimbo	Punitaqui	Particular Subvencionado	507.3333	5.4268
Metropolitana	Maipú	Municipal	507.3162	5.5771
Maule	San Clemente	Particular Subvencionado	506.8276	5.7619
Los Lagos	Quellón	Particular Subvencionado	506.6301	5.6760
Magallanes	Cabo De Hornos	Municipal	506.4130	5.8044
Maule	Curicó	Municipal	505.9036	5.7472
Metropolitana	San Bernardo	Particular Subvencionado	505.2404	5.5769
Metropolitana	Paine	Particular Subvencionado	504.6685	5.6662
Valparaíso	Los Andes	Particular Subvencionado	504.6546	5.6647
Metropolitana	San Ramón	Particular Subvencionado	504.5713	5.4464
Aysén	Aysén	Particular Subvencionado	504.5493	5.5799
Valparaíso	Hijuelas	Particular Subvencionado	503.9671	5.8192
Araucanía	Temuco	Municipal	503.4543	5.5028
Araucanía	Loncoche	Municipal	503.3253	5.5389
Valparaíso	Algarrobo	Particular Subvencionado	503.1818	5.6480
Aysén	Cochrane	Municipal	503.1500	5.5468
Metropolitana	San Miguel	Municipal	503.0120	5.3635
Los Lagos	Puerto Montt	Particular Subvencionado	502.5296	5.5095
Valparaíso	San Felipe	Particular Subvencionado	501.9830	5.7348
Metropolitana	Estacion Central	Particular Subvencionado	501.7321	5.3995
Metropolitana	Santiago	Particular Subvencionado	501.7230	5.4836
Los Lagos	Quinchao	Particular Subvencionado	500.8929	5.6686
Araucanía	Traiguén	Particular Subvencionado	500.5430	5.6616
O'Higgins	Quinta De Tilcoco	Particular Subvencionado	500.4241	5.7890
Metropolitana	Puente Alto	Particular Subvencionado	500.2008	5.4984
Maule	Teno	Particular Subvencionado	500.1596	5.7831
Biobío	Bulnes	Particular Subvencionado	500.0000	5.7484
Metropolitana	Peñalolén	Particular Subvencionado	499.8911	5.4861
Los Lagos	Calbuco	Particular Subvencionado	499.7091	5.6460
Biobío	Los Angeles	Particular Subvencionado	499.6641	5.5621
Maule	Talca	Municipal	499.0857	5.6985
Metropolitana	El Bosque	Particular Subvencionado	498.6732	5.4459
Los Lagos	Castro	Particular Subvencionado	497.9628	5.6751
Atacama	Diego De Almagro	Particular Subvencionado	497.5537	5.7323
Metropolitana	Pedro Aguirre Cerda	Particular Subvencionado	497.4344	5.3577
Metropolitana	Til-Til	Particular Subvencionado	497.2571	5.7755
Biobío	San Fabián	Municipal	496.2286	5.7206
O'Higgins	Chimbarongo	Particular Subvencionado	496.2185	5.5430
Los Lagos	Osorno	Particular Subvencionado	496.0372	5.5506
Metropolitana	Quilicura	Particular Subvencionado	495.9871	5.4673
Metropolitana	Buin	Particular Subvencionado	495.4053	5.6887
Araucanía	Collipulli	Particular Subvencionado	495.2403	5.5195
Valparaíso	El Quisco	Particular Subvencionado	495.0294	5.5929
Los Lagos	Queilén	Municipal	494.6818	5.8817
O'Higgins	Rancagua	Municipal	494.6716	5.6052
Maule	Cauquenes	Particular Subvencionado	494.3711	5.8810
Metropolitana	San Miguel	Particular Subvencionado	494.3050	5.5089
Biobío	Quirihue	Particular Subvencionado	494.2286	5.9374
Maule	Licantén	Municipal	494.1122	5.8793
Biobío	Cañete	Particular Subvencionado	494.0869	5.7447
Metropolitana	Quinta Normal	Particular Subvencionado	493.9877	5.5204
Biobío	Coronel	Particular Subvencionado	493.7712	5.6012
Metropolitana	San José De Maipo	Particular Subvencionado	493.5128	5.6570
Araucanía	Cunco	Municipal	493.4655	5.7163
Biobío	Concepción	Municipal	493.3773	5.5689
Metropolitana	Cerrillos	Particular Subvencionado	492.8516	5.3798
Biobío	Cabrero	Particular Subvencionado	492.8378	5.7381
Araucanía	Villarrica	Municipal	492.1378	5.5441
Valparaíso	Quintero	Particular Subvencionado	491.8610	5.7183
Maule	Hualañé	Municipal	491.8320	5.9329
Maule	Talca	Particular Subvencionado	491.7176	5.6301
Metropolitana	Talagante	Particular Subvencionado	490.7805	5.5686
Coquimbo	Coquimbo	Particular Subvencionado	489.8206	5.5505
Metropolitana	Renca	Corporación de Administración Delegada	489.6577	5.4384
O'Higgins	Rancagua	Particular Subvencionado	489.2820	5.5663
Metropolitana	La Cisterna	Corporación de Administración Delegada	489.2750	5.2444
Los Lagos	Quinchao	Municipal	488.8373	5.6709
Valparaíso	Santo Domingo	Municipal	488.7083	5.6873
Los Ríos	Futrono	Particular Subvencionado	488.3000	5.5909
Biobío	Talcahuano	Corporación de Administración Delegada	487.2861	5.4312
Valparaíso	Valparaiso	Particular Subvencionado	487.2816	5.5525
Maule	Maule	Particular Subvencionado	486.8846	5.8183
Los Lagos	Osorno	Municipal	486.8013	5.4657
Valparaíso	Casablanca	Particular Subvencionado	486.7430	5.6762
Maule	Linares	Municipal	486.5296	5.5515
Araucanía	Pucón	Particular Subvencionado	485.9136	5.5820
Metropolitana	La Granja	Particular Subvencionado	485.8229	5.5305
Aysén	Coihaique	Particular Subvencionado	485.7466	5.5910
Araucanía	Curacautín	Municipal	485.6192	5.7115
Valparaíso	Rinconada	Particular Subvencionado	485.2586	5.4160
Valparaíso	San Antonio	Particular Subvencionado	485.1793	5.5870
Araucanía	Vilcún	Municipal	484.6867	5.5845
Metropolitana	Ñuñoa	Particular Subvencionado	484.2462	5.3952
Biobío	Curanilahue	Particular Subvencionado	483.9959	5.6988
Los Ríos	Paillaco	Municipal	483.7586	5.8855
Los Lagos	Ancud	Particular Subvencionado	483.6115	5.6165
Araucanía	Teodoro Schmidt	Particular Subvencionado	483.3750	5.4475
Aysén	Cisnes	Municipal	482.8587	5.6396
Los Lagos	Rio Negro	Corporación de Administración Delegada	482.7553	5.5155
Maule	Longaví	Particular Subvencionado	482.6136	5.6878
Araucanía	Victoria	Particular Subvencionado	482.1763	5.6034
Valparaíso	Zapallar	Municipal	481.7656	5.4576
Araucanía	Pucón	Municipal	481.4560	5.5287
Biobío	Lebu	Municipal	480.9983	5.7635
Biobío	Curanilahue	Municipal	480.8133	5.8131
Biobío	Ninhue	Municipal	480.7955	5.9732
Coquimbo	Los Vilos	Particular Subvencionado	480.7655	5.6791
Coquimbo	Salamanca	Particular Subvencionado	480.3554	5.7114
O'Higgins	Litueche	Municipal	480.1364	5.7127
Maule	Vichuquén	Municipal	479.9459	5.7324
Aysén	Chile Chico	Municipal	479.9079	5.5762
Los Ríos	Rio Bueno	Particular Subvencionado	479.8819	5.7195
Los Ríos	Valdivia	Municipal	479.5670	5.5262
Valparaíso	San Felipe	Corporación de Administración Delegada	479.4229	5.5505
Maule	Pelluhue	Municipal	479.2130	5.7838
Los Lagos	Puerto Montt	Municipal	478.7747	5.5245
Metropolitana	Melipilla	Particular Subvencionado	478.7453	5.5736
Metropolitana	La Cisterna	Particular Subvencionado	478.1781	5.4617
Metropolitana	Curacaví	Particular Subvencionado	477.6581	5.6001
O'Higgins	Rancagua	Corporación de Administración Delegada	477.1858	5.3665
Biobío	Los Angeles	Municipal	476.9430	5.5398
Valparaíso	Cartagena	Particular Subvencionado	476.7919	5.5612
Metropolitana	Maipú	Corporación de Administración Delegada	476.4910	5.2105
Metropolitana	Alhué	Municipal	476.2917	6.0438
Metropolitana	Conchalí	Particular Subvencionado	476.1946	5.4564
O'Higgins	Pichilemu	Municipal	476.0405	5.6570
Atacama	Diego De Almagro	Municipal	475.6833	5.7851
Valparaíso	Villa Alemana	Municipal	475.6384	5.4386
Arica y Parinacota	Arica	Particular Subvencionado	475.5220	5.6346
Araucanía	Ercilla	Particular Subvencionado	475.5000	5.3570
Metropolitana	Padre Hurtado	Particular Subvencionado	475.4571	5.5281
Araucanía	Pitrufquén	Municipal	475.0968	5.7323
Metropolitana	Renca	Particular Subvencionado	474.9472	5.3875
Atacama	Caldera	Particular Subvencionado	474.6082	5.5464
Valparaíso	Limache	Particular Subvencionado	474.0894	5.5439
Los Lagos	Rio Negro	Particular Subvencionado	473.9625	5.6360
O'Higgins	Graneros	Particular Subvencionado	473.6556	5.4491
Araucanía	Pitrufquén	Particular Subvencionado	473.0759	5.6341
Los Lagos	Puerto Octay	Particular Subvencionado	472.3529	5.5213
Biobío	Laja	Municipal	472.2143	5.7958
Valparaíso	Valparaiso	Corporación de Administración Delegada	472.1810	5.5564
Metropolitana	Peñaflor	Particular Subvencionado	472.0516	5.5270
Valparaíso	Llay Llay	Particular Subvencionado	472.0423	5.5219
O'Higgins	Chépica	Municipal	471.6529	5.9749
Metropolitana	La Pintana	Particular Subvencionado	471.3725	5.4698
Antofagasta	Calama	Municipal	471.0384	5.4445
O'Higgins	Chimbarongo	Municipal	470.7160	5.9324
Coquimbo	Monte Patria	Particular Subvencionado	470.6932	5.4469
Los Lagos	Hualaihué	Municipal	470.4796	5.8357
Biobío	Tomé	Municipal	470.3667	5.7266
Biobío	Coihueco	Particular Subvencionado	470.2419	5.8658
Los Lagos	Llanquihue	Particular Subvencionado	470.0581	5.6345
Metropolitana	Independencia	Municipal	470.0520	5.5575
Metropolitana	Independencia	Particular Subvencionado	469.8888	5.4957
Metropolitana	Lo Espejo	Particular Subvencionado	469.7991	5.5149
Los Lagos	Futaleufú	Municipal	469.4595	5.7129
Biobío	Coelemu	Municipal	469.4397	5.8437
Metropolitana	Isla De Maipo	Particular Subvencionado	469.3624	5.4966
Maule	Colbún	Municipal	469.2687	5.5060
Metropolitana	La Cisterna	Municipal	469.1734	5.3690
Metropolitana	San Joaquín	Particular Subvencionado	469.0237	5.5079
Araucanía	Lautaro	Municipal	468.8277	5.6329
Los Ríos	Lanco	Municipal	468.6756	5.5528
Coquimbo	Vicuña	Particular Subvencionado	468.5415	5.7559
Metropolitana	Lampa	Particular Subvencionado	468.1345	5.5086
Valparaíso	Juan Fernandez	Municipal	467.6500	5.6436
Biobío	Nacimiento	Municipal	467.5993	5.8455
Biobío	Ranquil	Municipal	467.5778	5.6627
Metropolitana	Quinta Normal	Corporación de Administración Delegada	467.1217	5.3715
Valparaíso	Petorca	Particular Subvencionado	467.0500	5.9339
Aysén	Coihaique	Municipal	466.8524	5.6501
Araucanía	Angol	Municipal	466.2851	5.5077
Los Ríos	Lago Ranco	Municipal	465.5385	5.6356
Araucanía	Nueva Imperial	Particular Subvencionado	465.3399	5.5427
Maule	Curepto	Municipal	465.3158	5.8185
Metropolitana	Conchalí	Municipal	465.2429	5.3054
Magallanes	Punta Arenas	Municipal	465.2081	5.7211
O'Higgins	San Fernando	Municipal	465.1365	5.4397
Metropolitana	Colina	Particular Subvencionado	464.5455	5.4363
Biobío	El Carmen	Municipal	464.5129	5.8196
Metropolitana	Pudahuel	Particular Subvencionado	464.4228	5.5171
Valparaíso	Llay Llay	Municipal	464.3366	5.6364
Valparaíso	Los Andes	Corporación de Administración Delegada	464.3160	5.5272
Biobío	Pinto	Municipal	464.2614	5.8194
Biobío	Tomé	Corporación de Administración Delegada	463.9724	5.6132
Los Ríos	Corral	Municipal	463.8182	5.6532
Metropolitana	Macul	Municipal	463.7737	5.4332
Los Ríos	Los Lagos	Municipal	463.7519	5.7317
O'Higgins	Olivar	Particular Subvencionado	463.5610	5.5382
Magallanes	Porvenir	Municipal	462.4464	5.7818
Valparaíso	Los Andes	Municipal	462.0461	5.6177
Maule	Longaví	Municipal	461.4402	5.7314
Araucanía	Melipeuco	Municipal	461.4167	5.5362
Biobío	San Ignacio	Particular Subvencionado	461.2500	5.7464
Metropolitana	Talagante	Municipal	461.2332	5.5746
Coquimbo	Andacollo	Particular Subvencionado	461.1216	5.6418
Biobío	Cañete	Municipal	461.0817	5.6582
Biobío	Chillán	Corporación de Administración Delegada	460.8268	5.6288
Antofagasta	San Pedro De Atacama	Municipal	460.6724	5.5739
Valparaíso	Valparaiso	Municipal	460.5852	5.4998
Metropolitana	El Bosque	Municipal	460.5542	5.3892
Biobío	Contulmo	Municipal	460.1250	5.7552
Maule	Constitución	Municipal	460.0851	5.4447
O'Higgins	Santa Cruz	Municipal	460.0790	5.6589
Maule	Cauquenes	Municipal	460.0283	5.7036
Biobío	Coronel	Municipal	460.0105	5.5588
Araucanía	Padre Las Casas	Particular Subvencionado	459.8927	5.3955
Biobío	Concepción	Corporación de Administración Delegada	459.8454	5.6246
Tarapacá	Alto Hospicio	Municipal	459.7981	5.5511
Biobío	Mulchén	Municipal	459.7509	5.5043
Arica y Parinacota	Arica	Municipal	459.7456	5.7491
Coquimbo	Ovalle	Municipal	459.6490	5.5805
Biobío	Laja	Particular Subvencionado	459.0703	5.7122
Biobío	Chillán	Municipal	458.7542	5.7265
O'Higgins	Rengo	Municipal	458.7518	5.4906
Biobío	Pemuco	Municipal	458.7143	5.6091
Araucanía	Loncoche	Particular Subvencionado	458.6214	5.6417
Metropolitana	Pirque	Particular Subvencionado	458.4145	5.6049
Metropolitana	La Florida	Municipal	458.3560	5.3853
Metropolitana	La Reina	Municipal	458.2639	5.2804
Araucanía	Vilcún	Particular Subvencionado	457.9784	5.5818
Los Lagos	Frutillar	Municipal	457.7965	5.3883
Los Lagos	Los Muermos	Particular Subvencionado	457.6423	5.4623
Metropolitana	Renca	Municipal	457.4652	5.5262
Metropolitana	Ñuñoa	Corporación de Administración Delegada	457.4057	5.4060
Araucanía	Carahue	Municipal	457.3873	5.5978
Antofagasta	María Elena	Municipal	457.3839	5.8945
O'Higgins	San Fernando	Corporación de Administración Delegada	457.2775	5.5628
Maule	Curicó	Corporación de Administración Delegada	457.2560	5.5198
Coquimbo	Coquimbo	Municipal	457.1071	5.4785
Araucanía	Purén	Municipal	457.0802	5.6736
Valparaíso	San Antonio	Particular Pagado	457.0000	4.9700
Metropolitana	Puente Alto	Municipal	456.9076	5.4112
Maule	Yerbas Buenas	Corporación de Administración Delegada	456.6667	5.4264
Biobío	San Rosendo	Municipal	456.6071	5.7105
Maule	Constitución	Corporación de Administración Delegada	456.2851	5.4622
Valparaíso	La Cruz	Particular Subvencionado	455.8226	5.5037
Biobío	Santa Juana	Municipal	455.6765	5.5051
Tarapacá	Alto Hospicio	Particular Subvencionado	455.5536	5.5486
Valparaíso	Olmué	Particular Subvencionado	455.4198	5.5371
Valparaíso	Viña Del Mar	Corporación de Administración Delegada	455.2763	5.1712
Atacama	Chañaral	Municipal	455.2000	5.7856
Valparaíso	Calle Larga	Particular Subvencionado	455.0698	5.4671
Magallanes	Natales	Particular Subvencionado	454.3462	5.7194
Maule	Parral	Municipal	454.1580	5.5663
Metropolitana	San Bernardo	Corporación de Administración Delegada	453.9803	5.3942
Metropolitana	San Miguel	Corporación de Administración Delegada	453.7483	5.5113
Los Lagos	Chaitén	Municipal	453.5893	5.5960
Araucanía	Gorbea	Particular Subvencionado	453.5000	5.5180
Los Lagos	Chonchi	Particular Subvencionado	453.4286	5.7300
Los Lagos	Chonchi	Municipal	452.9545	5.4594
Maule	Molina	Particular Subvencionado	452.7463	5.7434
Maule	Molina	Corporación de Administración Delegada	452.4455	5.4804
Los Ríos	La Unión	Particular Subvencionado	452.3398	5.6688
Valparaíso	Calera	Corporación de Administración Delegada	451.6466	5.2785
Biobío	Quirihue	Municipal	451.3631	5.8918
Maule	Molina	Municipal	451.1773	5.6602
O'Higgins	San Vicente	Municipal	450.7481	5.4909
Los Lagos	Calbuco	Municipal	450.6927	5.5518
Valparaíso	Putaendo	Particular Subvencionado	450.0741	5.6447
Valparaíso	San Felipe	Municipal	449.9644	5.6032
Coquimbo	La Serena	Municipal	449.7954	5.5183
Maule	Retiro	Particular Subvencionado	449.6064	5.4796
Maule	Romeral	Municipal	449.5978	5.5298
Los Lagos	Fresia	Municipal	449.5161	5.6508
Atacama	Chañaral	Particular Subvencionado	449.4286	5.8106
Biobío	Portezuelo	Municipal	449.3913	5.8696
O'Higgins	Coltauco	Particular Subvencionado	449.3626	5.4587
Biobío	Portezuelo	Particular Subvencionado	449.3462	5.9160
Atacama	Copiapó	Municipal	449.2920	5.3807
Araucanía	Angol	Corporación de Administración Delegada	449.1573	5.1236
Biobío	Talcahuano	Municipal	448.4482	5.4609
Metropolitana	Huechuraba	Particular Subvencionado	448.3994	5.4117
Los Lagos	Quellón	Municipal	448.2809	5.5981
Biobío	Arauco	Municipal	448.0697	5.5629
Atacama	Alto Del Carmen	Municipal	447.9762	5.5835
Metropolitana	Santiago	Corporación de Administración Delegada	447.8882	5.4524
Biobío	Lota	Municipal	447.5643	5.6238
Los Lagos	Maullín	Municipal	447.4309	5.6077
Los Ríos	Rio Bueno	Municipal	446.9892	5.5514
Araucanía	Cunco	Particular Subvencionado	446.9627	5.5075
Metropolitana	San Joaquín	Corporación de Administración Delegada	446.9506	5.2594
Valparaíso	El Quisco	Municipal	446.8333	5.4477
Valparaíso	Viña Del Mar	Municipal	446.7294	5.4426
Valparaíso	Nogales	Particular Subvencionado	446.6991	5.5711
Valparaíso	San Antonio	Municipal	446.3595	5.6187
Biobío	Los Alamos	Municipal	446.2980	5.7060
Biobío	Pinto	Particular Subvencionado	446.2823	5.8412
Los Lagos	Purranque	Municipal	446.2030	5.5465
Biobío	Florida	Municipal	446.1136	5.5062
Antofagasta	Antofagasta	Municipal	446.0456	5.5765
Coquimbo	Combarbalá	Municipal	446.0203	5.6550
Biobío	San Carlos	Municipal	445.7030	5.7953
O'Higgins	Peralillo	Municipal	445.6500	5.7159
Araucanía	Temuco	Corporación de Administración Delegada	445.6364	5.3867
O'Higgins	Peumo	Particular Subvencionado	445.6200	5.6230
Tarapacá	Iquique	Municipal	445.3247	5.5612
Coquimbo	Salamanca	Municipal	445.1985	5.6485
Coquimbo	Combarbalá	Particular Subvencionado	445.1522	5.8304
Coquimbo	Monte Patria	Municipal	445.0147	5.6118
Araucanía	Nueva Imperial	Corporación de Administración Delegada	445.0086	5.2853
Araucanía	Traiguén	Municipal	444.6386	5.6615
Biobío	Santa Bárbara	Particular Subvencionado	444.4918	5.5691
Biobío	Chiguayante	Municipal	444.4065	5.4141
Maule	Teno	Municipal	444.3962	5.5853
Los Lagos	Rio Negro	Municipal	444.1585	5.5112
Tarapacá	Pica	Municipal	443.5500	5.6583
Biobío	Trehuaco	Municipal	443.4364	5.8548
Biobío	Yumbel	Municipal	443.4043	5.5540
Araucanía	Saavedra	Municipal	442.9792	5.5850
Maule	Chanco	Municipal	442.9609	5.7551
Coquimbo	Andacollo	Municipal	442.3839	5.5041
Biobío	San Pedro De La Paz	Municipal	442.2481	5.5067
Los Lagos	Puerto Octay	Municipal	441.8824	5.4422
Los Ríos	Lanco	Particular Subvencionado	441.7308	5.6492
Araucanía	Lonquimay	Municipal	441.5116	5.8386
Biobío	Quillón	Municipal	441.4800	5.6940
Los Lagos	Puyehue	Particular Subvencionado	441.0732	5.6298
Metropolitana	Isla De Maipo	Municipal	440.7086	5.3107
Valparaíso	Olmué	Municipal	440.3776	5.3490
Antofagasta	Taltal	Municipal	440.3235	5.9757
Los Ríos	Máfil	Particular Subvencionado	440.2538	5.6343
Araucanía	Victoria	Municipal	440.2131	5.4946
Biobío	Coihueco	Municipal	439.9265	5.5313
Magallanes	Natales	Municipal	439.9175	5.7054
Los Lagos	Puerto Varas	Municipal	439.8537	5.5202
Biobío	Santa Bárbara	Municipal	439.7840	5.6668
Araucanía	Collipulli	Municipal	439.6235	5.5407
Los Ríos	Mariquina	Municipal	439.5357	5.5497
Biobío	Coronel	Corporación de Administración Delegada	439.4688	5.4505
O'Higgins	Marchigüe	Municipal	439.3750	5.1306
Metropolitana	Recoleta	Corporación de Administración Delegada	439.3433	5.2839
Coquimbo	Los Vilos	Municipal	439.3140	5.6863
Metropolitana	Peñaflor	Municipal	439.0370	5.4158
Biobío	Bulnes	Municipal	438.6389	5.7688
Biobío	Tucapel	Municipal	438.5188	5.7348
Araucanía	Cholchol	Particular Subvencionado	438.5174	5.5741
Biobío	Ñiquén	Municipal	438.4355	5.6605
Los Lagos	San Juan De La Costa	Particular Subvencionado	437.8846	5.7476
Araucanía	Nueva Imperial	Municipal	437.6754	5.4733
Los Lagos	Llanquihue	Municipal	437.5385	5.4543
Valparaíso	Puchuncaví	Municipal	437.4496	5.6812
Metropolitana	Estacion Central	Corporación de Administración Delegada	437.3351	5.4905
Biobío	Yungay	Municipal	437.0918	5.7020
Araucanía	Galvarino	Municipal	437.0672	5.4873
Biobío	Hualpén	Municipal	436.6342	5.4801
O'Higgins	Doñihue	Municipal	436.1420	5.3879
Metropolitana	Quinta Normal	Municipal	435.7767	5.3623
O'Higgins	San Francisco De Mostazal	Particular Subvencionado	435.6667	5.2320
Los Lagos	Curaco De Vélez	Municipal	434.9071	5.7154
Valparaíso	Algarrobo	Municipal	434.8415	5.5112
Atacama	Freirina	Municipal	434.6897	5.8423
Valparaíso	Quillota	Municipal	434.5825	5.5027
Maule	Retiro	Municipal	434.1327	5.6085
Los Ríos	Paillaco	Particular Subvencionado	434.0673	5.8030
Los Ríos	Panguipulli	Particular Subvencionado	434.0479	5.6550
Metropolitana	Colina	Municipal	433.9901	5.4499
Valparaíso	El Tabo	Municipal	433.9091	5.5419
Los Ríos	Futrono	Municipal	433.7222	5.3735
Valparaíso	Catemu	Particular Subvencionado	433.6250	5.4756
Araucanía	Carahue	Particular Subvencionado	433.4146	5.5302
Biobío	Los Alamos	Particular Subvencionado	433.3333	5.5352
Coquimbo	Canela	Municipal	433.2717	5.9714
Araucanía	Perquenco	Municipal	433.1438	5.5472
Coquimbo	Illapel	Municipal	433.0429	5.5615
Los Lagos	Los Muermos	Municipal	432.9595	5.5250
Araucanía	Toltén	Municipal	432.8125	5.6790
Biobío	Quilleco	Municipal	432.8019	5.6089
Biobío	Hualqui	Municipal	432.6150	5.5825
Tarapacá	Iquique	Corporación de Administración Delegada	432.4912	5.3679
Metropolitana	Lo Barnechea	Municipal	432.3701	5.3990
Biobío	Cabrero	Municipal	432.0405	5.6708
Valparaíso	Quilpué	Municipal	431.6098	5.4594
Los Lagos	San Pablo	Municipal	431.5323	5.6375
Metropolitana	Recoleta	Municipal	431.4652	5.5001
Valparaíso	Limache	Municipal	431.2243	5.4587
Araucanía	Ercilla	Municipal	431.1667	5.7136
Valparaíso	Cabildo	Municipal	431.0894	5.5587
Maule	San Clemente	Municipal	430.8776	5.4495
Metropolitana	Peñalolén	Municipal	430.7051	5.3505
Metropolitana	San Ramón	Corporación de Administración Delegada	430.6250	5.2285
Maule	Sagrada Familia	Municipal	430.6136	5.5640
Biobío	Chillán Viejo	Municipal	430.6111	5.8297
Los Lagos	Hualaihué	Particular Subvencionado	430.6000	5.7556
Metropolitana	El Monte	Particular Subvencionado	430.4949	5.2908
O'Higgins	Las Cabras	Municipal	430.3811	5.6901
Valparaíso	La Ligua	Municipal	430.1810	5.5395
Araucanía	Perquenco	Particular Subvencionado	430.1667	5.3988
Atacama	Vallenar	Municipal	429.9808	5.6140
Metropolitana	San Bernardo	Municipal	429.4524	5.3967
Biobío	Penco	Municipal	429.4133	5.5593
Atacama	Huasco	Municipal	429.3357	5.7821
Metropolitana	Paine	Municipal	429.2863	5.5104
Biobío	Negrete	Particular Subvencionado	429.1818	5.8040
O'Higgins	Lolol	Municipal	429.1429	5.6491
Maule	San Javier	Municipal	428.9518	5.4419
Metropolitana	Buin	Municipal	428.8694	5.5175
Metropolitana	El Monte	Municipal	428.7778	5.6065
Biobío	Tirua	Municipal	428.4239	5.8166
O'Higgins	Codegua	Particular Subvencionado	428.3824	5.5700
Metropolitana	Estacion Central	Municipal	428.2442	5.3720
Maule	Romeral	Particular Subvencionado	428.1500	5.7092
Metropolitana	Pudahuel	Municipal	428.0023	5.4216
Antofagasta	Mejillones	Municipal	427.7152	5.8731
Metropolitana	Curacaví	Municipal	427.2456	5.7018
Valparaíso	Cartagena	Municipal	427.2056	5.5937
Araucanía	Curacautín	Corporación de Administración Delegada	427.1923	5.6280
Coquimbo	Ovalle	Corporación de Administración Delegada	427.0729	5.2019
Metropolitana	San Pedro	Municipal	426.6721	5.4867
O'Higgins	Paredones	Municipal	426.6538	5.5927
Maule	Empedrado	Municipal	426.5833	5.4815
Los Lagos	Quemchi	Municipal	426.4800	5.5523
Araucanía	Freire	Municipal	426.0820	5.6037
Los Lagos	Cochamó	Municipal	426.0000	5.4900
Metropolitana	Cerro Navia	Particular Subvencionado	425.9631	5.3676
Metropolitana	Til-Til	Municipal	425.5593	5.4344
O'Higgins	Pichidegua	Municipal	425.2432	5.5085
Valparaíso	La Cruz	Municipal	424.8968	5.4853
Metropolitana	Pirque	Municipal	424.7917	5.3830
Valparaíso	Hijuelas	Municipal	424.4770	5.5577
Valparaíso	Nogales	Municipal	424.4643	5.5765
O'Higgins	Navidad	Municipal	424.2155	5.5204
Valparaíso	Casablanca	Municipal	424.2008	5.5692
Valparaíso	Petorca	Municipal	424.1000	5.6422
O'Higgins	Coinco	Municipal	423.9259	5.5664
Biobío	San Ignacio	Municipal	423.6172	5.9058
Los Lagos	Puyehue	Municipal	423.2586	5.7855
Maule	Maule	Corporación de Administración Delegada	423.1633	5.4585
Valparaíso	Panquehue	Municipal	422.6000	5.5651
Valparaíso	San Esteban	Municipal	422.5714	5.3662
Biobío	Quilleco	Particular Subvencionado	422.5000	5.7367
Aysén	Aysén	Municipal	422.0909	5.3142
O'Higgins	Palmilla	Municipal	421.7941	5.5355
O'Higgins	Olivar	Municipal	421.6359	5.3374
Metropolitana	Calera De Tango	Particular Subvencionado	421.2867	5.3436
O'Higgins	San Francisco De Mostazal	Municipal	421.2273	5.4521
Metropolitana	La Granja	Municipal	421.1554	5.3503
Valparaíso	Santa Maria	Particular Subvencionado	421.1462	5.4585
Maule	Villa Alegre	Municipal	420.9828	5.9172
Los Lagos	Dalcahue	Municipal	420.7885	5.5794
O'Higgins	Nancagua	Municipal	420.7258	5.5650
Metropolitana	Maria Pinto	Municipal	420.5000	5.4523
Biobío	Los Angeles	Corporación de Administración Delegada	420.2907	5.4252
Arica y Parinacota	Putre	Municipal	419.4038	5.3866
Metropolitana	Lo Prado	Municipal	419.1667	5.3520
Araucanía	Teodoro Schmidt	Municipal	419.0811	5.5555
Valparaíso	El Tabo	Particular Subvencionado	418.9853	5.3366
Biobío	Negrete	Municipal	418.9355	5.6254
O'Higgins	Machalí	Municipal	418.7530	5.4332
Coquimbo	Vicuña	Municipal	418.5568	5.4605
Biobío	Antuco	Municipal	417.9186	5.7059
Los Lagos	Fresia	Particular Subvencionado	417.2762	5.4675
Valparaíso	Con Cón	Municipal	416.8182	5.5600
Metropolitana	Cerrillos	Municipal	416.7105	5.5557
O'Higgins	Codegua	Municipal	415.5588	5.6000
Metropolitana	Melipilla	Municipal	415.2205	5.3932
Araucanía	Gorbea	Municipal	415.0660	5.3906
Coquimbo	Paihuano	Municipal	414.7222	5.4604
Araucanía	Saavedra	Particular Subvencionado	414.6667	5.4185
Metropolitana	Pedro Aguirre Cerda	Municipal	414.6216	5.4018
O'Higgins	Graneros	Municipal	414.1813	5.4053
O'Higgins	Coltauco	Municipal	413.6731	5.4818
Metropolitana	Cerro Navia	Municipal	412.7813	5.3905
Araucanía	Galvarino	Particular Subvencionado	412.7000	5.6047
Valparaíso	Santa Maria	Municipal	412.4359	5.3025
Los Ríos	Máfil	Municipal	412.2500	5.6707
O'Higgins	Peumo	Municipal	412.0588	5.6296
Los Lagos	San Juan De La Costa	Municipal	411.8125	5.4188
Valparaíso	Isla De Pascua	Municipal	411.2174	5.4746
Maule	Yerbas Buenas	Municipal	410.9474	5.4842
Tarapacá	Pozo Almonte	Municipal	410.4914	5.6240
Metropolitana	Calera De Tango	Municipal	409.0329	5.5654
Biobío	Cobquecura	Municipal	408.9167	5.8763
Metropolitana	Pedro Aguirre Cerda	Corporación de Administración Delegada	408.7071	5.2819
O'Higgins	Quinta De Tilcoco	Municipal	408.6200	5.5416
Araucanía	Melipeuco	Particular Subvencionado	408.1053	5.8841
Metropolitana	San José De Maipo	Municipal	407.7534	5.3365
Metropolitana	Lampa	Municipal	407.7133	5.5669
Araucanía	Toltén	Particular Subvencionado	407.0000	5.5300
Araucanía	Renaico	Municipal	406.9615	5.5204
Metropolitana	Quilicura	Municipal	405.4583	5.3809
Maule	Rio Claro	Municipal	405.1667	5.2748
Biobío	Quilaco	Municipal	405.0909	5.3885
Coquimbo	Punitaqui	Municipal	405.0000	5.4126
Metropolitana	La Pintana	Municipal	404.5155	5.4496
Los Lagos	Maullín	Particular Subvencionado	404.5000	5.5600
Maule	Colbún	Particular Subvencionado	404.5000	5.3500
Coquimbo	Rio Hurtado	Municipal	403.2073	5.4481
Valparaíso	Calle Larga	Municipal	401.8889	5.0329
O'Higgins	Requinoa	Municipal	401.8558	5.5514
Atacama	Tierra Amarilla	Municipal	401.3506	5.5460
Los Lagos	Futaleufú	Particular Subvencionado	401.0000	
Biobío	Hualqui	Particular Subvencionado	400.6667	5.4014
O'Higgins	Placilla	Municipal	400.5500	5.5087
Atacama	Caldera	Municipal	400.1852	5.3709
Los Lagos	San Pablo	Particular Subvencionado	399.8000	5.4675
Metropolitana	San Ramón	Municipal	398.5584	5.3080
Valparaíso	Quintero	Municipal	397.9333	5.4261
Araucanía	Freire	Particular Subvencionado	396.7813	5.4142
Maule	Pencahue	Municipal	396.6667	6.0132
Valparaíso	Papudo	Municipal	396.0000	5.5002
Valparaíso	Calera	Municipal	395.5217	5.2818
Aysén	Coihaique	Corporación de Administración Delegada	394.5000	5.4990
Araucanía	Lumaco	Municipal	394.4833	5.4864
Araucanía	Los Sauces	Municipal	394.1194	5.4791
Metropolitana	Lo Espejo	Municipal	394.0038	5.2799
Valparaíso	Putaendo	Municipal	392.1818	5.4821
Antofagasta	Tocopilla	Municipal	392.1360	5.4756
Metropolitana	San Joaquín	Municipal	391.5121	5.5121
Valparaíso	Catemu	Municipal	391.3451	5.3907
Los Ríos	Los Lagos	Particular Subvencionado	390.2237	5.6082
Metropolitana	Padre Hurtado	Municipal	389.7449	5.3647
Metropolitana	Huechuraba	Municipal	389.7326	5.3355
Araucanía	Curarrehue	Municipal	386.4583	5.3660
Araucanía	Lautaro	Particular Subvencionado	385.8333	5.3504
Maule	Villa Alegre	Particular Subvencionado	385.3824	5.6419
Maule	Rauco	Municipal	385.1667	5.6878
Magallanes	Porvenir	Particular Subvencionado	384.2180	5.2227
Tarapacá	Huara	Municipal	378.2308	5.6227
Maule	Pelarco	Municipal	375.4643	5.6456
Tarapacá	Pozo Almonte	Particular Subvencionado	373.0000	4.9000
Tarapacá	Colchane	Municipal	370.1667	5.4933
Biobío	Alto Bio Bio	Municipal	368.9583	5.5148
Coquimbo	La Higuera	Municipal	364.5000	5.5000
Biobío	Trehuaco	Particular Subvencionado	360.0556	6.0100
